,latitude,longitude,cluster_label
0,35.789846,-78.650624,3
1,36.116203,-119.618564,0
2,36.116203,-119.618564,0
3,40.349457,-88.986137,15
4,33.729759,-111.431221,14
5,42.230171,-71.530106,10
6,41.85003,-87.65005,15
7,36.116203,-119.618564,0
8,39.73915,-104.9847,24
9,21.52536,-78.22579,5
10,32.71571,-117.16472,21
11,36.116203,-119.618564,0
12,40.349457,-88.986137,15
13,30.239513,-97.69127,7
14,21.094318,-157.498337,13
15,40.590752,-77.209755,3
16,30.649082,-97.605065,7
17,61.370716,-152.404419,8
18,36.731963,-80.727831,3
19,40.349457,-88.986137,15
20,40.349457,-88.986137,15
21,21.52536,-78.22579,5
22,36.116203,-119.618564,0
23,36.116203,-119.618564,0
24,31.054487,-97.563461,7
25,39.09973,-94.57857,20
26,31.054487,-97.563461,7
27,33.95335,-117.39616,21
28,38.525182,-122.92611,28
29,40.71427,-74.00597,10
30,33.729759,-111.431221,14
31,42.230171,-71.530106,10
32,36.116203,-119.618564,0
33,33.729759,-111.431221,14
34,31.054487,-97.563461,7
35,21.52536,-78.22579,5
36,40.349457,-88.986137,15
37,21.52536,-78.22579,5
38,33.729759,-111.431221,14
39,40.71427,-74.00597,10
40,40.349457,-88.986137,15
41,42.230171,-71.530106,10
42,34.10834,-117.28977,21
43,42.230171,-71.530106,10
44,47.490599,-121.833996,16
45,36.116203,-119.618564,0
46,32.71571,-117.16472,21
47,45.694454,-93.900192,9
48,42.230171,-71.530106,10
49,42.230171,-71.530106,10
50,36.116203,-119.618564,0
51,30.791242,-96.984395,7
52,34.10834,-117.28977,21
53,30.58333,114.26667,23
54,33.729759,-111.431221,14
55,37.66814,-84.670067,2
56,22.40694,-79.96472,5
57,33.44838,-112.07404,14
58,40.590752,-77.209755,3
59,40.6976,-74.2632,10
60,22.40694,-79.96472,5
61,36.116203,-119.618564,0
62,39.09973,-94.57857,20
63,32.806671,-86.79113,27
64,44.299782,-99.438828,26
65,40.349457,-88.986137,15
66,33.729759,-111.431221,14
67,38.5266,-96.726486,20
68,40.336887,-75.10706,3
69,36.116203,-119.618564,0
70,61.370716,-152.404419,8
71,31.054487,-97.563461,7
72,42.230171,-71.530106,10
73,32.78306,-96.80667,7
74,45.694454,-93.900192,9
75,-28.10391,26.86593,1
76,25.61058,-80.497099,5
77,30.100772,-97.310639,7
78,42.230171,-71.530106,10
79,40.388783,-82.764915,22
80,38.89511,-77.03637,3
81,42.230171,-71.530106,10
82,42.91336,-85.70531,22
83,21.52536,-78.22579,5
84,42.230171,-71.530106,10
85,31.054487,-97.563461,7
86,40.349457,-88.986137,15
87,-5.11306,105.30667,12
88,42.230171,-71.530106,10
89,36.116203,-119.618564,0
90,36.116203,-119.618564,0
91,31.169546,-91.867805,25
92,32.78306,-96.80667,7
93,40.349457,-88.986137,15
94,33.95335,-117.39616,21
95,42.230171,-71.530106,10
96,43.326618,-84.536095,22
97,36.116203,-119.618564,0
98,34.42083,-119.69819,0
99,32.71571,-117.16472,21
100,21.52536,-78.22579,5
101,34.10834,-117.28977,21
102,45.694454,-93.900192,9
103,45.694454,-93.900192,9
104,47.538569,-90.290189,9
105,40.349457,-88.986137,15
106,34.42083,-119.69819,0
107,33.95335,-117.39616,21
108,45.694454,-93.900192,9
109,45.694454,-93.900192,9
110,43.452492,-71.563896,10
111,36.116203,-119.618564,0
112,40.349457,-88.986137,15
113,39.849426,-86.258278,15
114,40.388783,-82.764915,22
115,39.063946,-76.802101,3
116,33.729759,-111.431221,14
117,40.590752,-77.209755,3
118,36.116203,-119.618564,0
119,21.52536,-78.22579,5
120,31.054487,-97.563461,7
121,45.694454,-93.900192,9
122,21.52536,-78.22579,5
123,33.729759,-111.431221,14
124,21.52536,-78.22579,5
125,42.230171,-71.530106,10
126,42.230171,-71.530106,10
127,37.77099,-122.26087,28
128,40.349457,-88.986137,15
129,21.52536,-78.22579,5
130,40.388783,-82.764915,22
131,40.590752,-77.209755,3
132,36.116203,-119.618564,0
133,36.116203,-119.618564,0
134,33.729759,-111.431221,14
135,42.230171,-71.530106,10
136,47.490599,-121.833996,16
137,53.1905,-2.89189,6
138,21.52536,-78.22579,5
139,41.85003,-87.65005,15
140,38.456085,-92.288368,20
141,36.116203,-119.618564,0
142,38.525182,-122.92611,28
143,32.806671,-86.79113,27
144,36.116203,-119.618564,0
145,45.694454,-93.900192,9
146,42.230171,-71.530106,10
147,18.38078,-65.95739,18
148,37.09024,-95.712891,20
149,32.71571,-117.16472,21
150,-28.10391,26.86593,1
151,42.230171,-71.530106,10
152,38.89511,-77.03637,3
153,33.729759,-111.431221,14
154,41.85003,-87.65005,15
155,33.78779,-117.85311,21
156,31.054487,-97.563461,7
157,40.349457,-88.986137,15
158,42.230171,-71.530106,10
159,21.52536,-78.22579,5
160,43.326618,-84.536095,22
161,32.71571,-117.16472,21
162,31.054487,-97.563461,7
163,36.116203,-119.618564,0
164,42.230171,-71.530106,10
165,40.388783,-82.764915,22
166,21.52536,-78.22579,5
167,31.054487,-97.563461,7
168,37.09024,-95.712891,20
169,21.52536,-78.22579,5
170,40.349457,-88.986137,15
171,32.71571,-117.16472,21
172,21.52536,-78.22579,5
173,40.349457,-88.986137,15
174,31.054487,-97.563461,7
175,38.051817,-122.745974,28
176,39.09973,-94.57857,20
177,34.27834,-119.29317,0
178,18.38078,-65.95739,18
179,21.52536,-78.22579,5
180,40.590752,-77.209755,3
181,45.694454,-93.900192,9
182,37.09024,-95.712891,20
183,41.597782,-72.755371,10
184,31.054487,-97.563461,7
185,47.538569,-90.290189,9
186,42.230171,-71.530106,10
187,37.77099,-122.26087,28
188,38.456085,-92.288368,20
189,32.71571,-117.16472,21
190,36.116203,-119.618564,0
191,36.116203,-119.618564,0
192,33.729759,-111.431221,14
193,31.054487,-97.563461,7
194,53.1905,-2.89189,6
195,40.349457,-88.986137,15
196,45.694454,-93.900192,9
197,43.66294,-116.68736,11
198,38.89511,-77.03637,3
199,43.452492,-71.563896,10
200,43.326618,-84.536095,22
201,40.71427,-74.00597,10
202,41.597782,-72.755371,10
203,30.791242,-96.984395,7
204,21.52536,-78.22579,5
205,42.67087,-83.03298,22
206,31.054487,-97.563461,7
207,21.52536,-78.22579,5
208,34.05223,-118.24368,21
209,30.649082,-97.605065,7
210,21.52536,-78.22579,5
211,21.52536,-78.22579,5
212,33.194532,-96.579444,7
213,22.40694,-79.96472,5
214,32.741646,-89.678696,25
215,42.230171,-71.530106,10
216,21.52536,-78.22579,5
217,38.456085,-92.288368,20
218,30.649082,-97.605065,7
219,42.230171,-71.530106,10
220,31.054487,-97.563461,7
221,21.52536,-78.22579,5
222,40.388783,-82.764915,22
223,40.349457,-88.986137,15
224,36.116203,-119.618564,0
225,22.40694,-79.96472,5
226,21.52536,-78.22579,5
227,36.116203,-119.618564,0
228,40.349457,-88.986137,15
229,41.597782,-72.755371,10
230,33.44838,-112.07404,14
231,33.78779,-117.85311,21
232,41.85003,-87.65005,15
233,42.011539,-93.210526,20
234,38.456085,-92.288368,20
235,44.299782,-99.438828,26
236,36.116203,-119.618564,0
237,42.230171,-71.530106,10
238,40.349457,-88.986137,15
239,61.370716,-152.404419,8
240,31.054487,-97.563461,7
241,32.772119,-97.291224,7
242,37.09024,-95.712891,20
243,33.19587,-117.37948,21
244,31.054487,-97.563461,7
245,33.729759,-111.431221,14
246,47.538569,-90.290189,9
247,21.52536,-78.22579,5
248,41.852058,-88.086039,15
249,40.388783,-82.764915,22
250,21.52536,-78.22579,5
251,25.05823,-77.34306,5
252,38.313515,-117.055374,0
253,36.116203,-119.618564,0
254,33.78779,-117.85311,21
255,45.694454,-93.900192,9
256,38.030933,-81.086051,3
257,38.456085,-92.288368,20
258,33.729759,-111.431221,14
259,35.346629,-118.729506,0
260,42.230171,-71.530106,10
261,31.054487,-97.563461,7
262,31.054487,-97.563461,7
263,45.694454,-93.900192,9
264,33.95335,-117.39616,21
265,32.806671,-86.79113,27
266,21.52536,-78.22579,5
267,21.52536,-78.22579,5
268,45.694454,-93.900192,9
269,50.50301,13.63617,19
270,33.95335,-117.39616,21
271,41.85003,-87.65005,15
272,40.349457,-88.986137,15
273,37.77099,-122.26087,28
274,30.266456,-98.399217,7
275,21.52536,-78.22579,5
276,36.116203,-119.618564,0
277,31.054487,-97.563461,7
278,40.336887,-75.10706,3
279,30.100772,-97.310639,7
280,22.40694,-79.96472,5
281,31.054487,-97.563461,7
282,45.694454,-93.900192,9
283,21.52536,-78.22579,5
284,21.52536,-78.22579,5
285,40.590752,-77.209755,3
286,40.349457,-88.986137,15
287,38.89511,-77.03637,3
288,38.89511,-77.03637,3
289,21.52536,-78.22579,5
290,40.150032,-111.862434,11
291,33.95335,-117.39616,21
292,39.09973,-94.57857,20
293,33.729759,-111.431221,14
294,33.729759,-111.431221,14
295,40.388783,-82.764915,22
296,38.525182,-122.92611,28
297,36.116203,-119.618564,0
298,36.116203,-119.618564,0
299,36.116203,-119.618564,0
300,41.597782,-72.755371,10
301,36.116203,-119.618564,0
302,42.58474,-87.82119,15
303,21.52536,-78.22579,5
304,31.054487,-97.563461,7
305,44.05817,-121.31531,16
306,36.116203,-119.618564,0
307,31.054487,-97.563461,7
308,38.89511,-77.03637,3
309,31.054487,-97.563461,7
310,22.40694,-79.96472,5
311,18.38078,-65.95739,18
312,36.116203,-119.618564,0
313,42.230171,-71.530106,10
314,31.196731,-98.240889,7
315,44.240459,-114.478828,11
316,31.054487,-97.563461,7
317,38.89511,-77.03637,3
318,38.89511,-77.03637,3
319,38.89511,-77.03637,3
320,21.52536,-78.22579,5
321,21.52536,-78.22579,5
322,40.71427,-74.00597,10
323,21.52536,-78.22579,5
324,40.71427,-74.00597,10
325,21.52536,-78.22579,5
326,33.21484,-97.13307,7
327,33.78779,-117.85311,21
328,39.09973,-94.57857,20
329,42.230171,-71.530106,10
330,21.52536,-78.22579,5
331,40.349457,-88.986137,15
332,39.73915,-104.9847,24
333,42.230171,-71.530106,10
334,21.52536,-78.22579,5
335,32.806671,-86.79113,27
336,33.95335,-117.39616,21
337,42.35843,-71.05977,10
338,21.52536,-78.22579,5
339,40.590752,-77.209755,3
340,25.77427,-80.19366,5
341,40.349457,-88.986137,15
342,31.054487,-97.563461,7
343,21.52536,-78.22579,5
344,40.71427,-74.00597,10
345,36.116203,-119.618564,0
346,33.78779,-117.85311,21
347,36.116203,-119.618564,0
348,36.116203,-119.618564,0
349,30.78963,-98.201187,7
350,42.230171,-71.530106,10
351,40.349457,-88.986137,15
352,42.230171,-71.530106,10
353,39.063946,-76.802101,3
354,36.116203,-119.618564,0
355,36.116203,-119.618564,0
356,40.150032,-111.862434,11
357,44.268543,-89.616508,15
358,38.89511,-77.03637,3
359,31.169546,-91.867805,25
360,38.89511,-77.03637,3
361,-28.10391,26.86593,1
362,39.063946,-76.802101,3
363,36.116203,-119.618564,0
364,31.054487,-97.563461,7
365,42.230171,-71.530106,10
366,40.388783,-82.764915,22
367,29.42412,-98.49363,7
368,-28.10391,26.86593,1
369,21.52536,-78.22579,5
370,41.85003,-87.65005,15
371,43.326618,-84.536095,22
372,36.116203,-119.618564,0
373,45.694454,-93.900192,9
374,40.590752,-77.209755,3
375,36.116203,-119.618564,0
376,40.349457,-88.986137,15
377,30.100772,-97.310639,7
378,21.52536,-78.22579,5
379,21.52536,-78.22579,5
380,37.919479,-121.951543,28
381,40.349457,-88.986137,15
382,36.116203,-119.618564,0
383,45.694454,-93.900192,9
384,14.6982,121.1236,4
385,47.528912,-99.784012,26
386,21.52536,-78.22579,5
387,40.590752,-77.209755,3
388,36.116203,-119.618564,0
389,36.116203,-119.618564,0
390,40.590752,-77.209755,3
391,30.239513,-97.69127,7
392,21.52536,-78.22579,5
393,36.116203,-119.618564,0
394,42.230171,-71.530106,10
395,21.52536,-78.22579,5
396,42.230171,-71.530106,10
397,21.52536,-78.22579,5
398,-28.10391,26.86593,1
399,39.09973,-94.57857,20
400,38.89511,-77.03637,3
401,32.71571,-117.16472,21
402,36.116203,-119.618564,0
403,37.09024,-95.712891,20
404,-28.10391,26.86593,1
405,21.52536,-78.22579,5
406,34.10834,-117.28977,21
407,38.89511,-77.03637,3
408,38.456085,-92.288368,20
409,33.194532,-96.579444,7
410,36.116203,-119.618564,0
411,36.116203,-119.618564,0
412,42.230171,-71.530106,10
413,31.054487,-97.563461,7
414,22.40694,-79.96472,5
415,31.054487,-97.563461,7
416,21.52536,-78.22579,5
417,33.78779,-117.85311,21
418,32.71571,-117.16472,21
419,38.472853,-77.015427,3
420,33.95335,-117.39616,21
421,36.116203,-119.618564,0
422,54.8951,-2.9382,6
423,31.054487,-97.563461,7
424,40.349457,-88.986137,15
425,21.52536,-78.22579,5
426,38.313515,-117.055374,0
427,36.116203,-119.618564,0
428,40.349457,-88.986137,15
429,33.95335,-117.39616,21
430,40.150032,-111.862434,11
431,36.116203,-119.618564,0
432,14.6982,121.1236,4
433,33.729759,-111.431221,14
434,42.230171,-71.530106,10
435,36.116203,-119.618564,0
436,36.116203,-119.618564,0
437,31.054487,-97.563461,7
438,40.590752,-77.209755,3
439,40.349457,-88.986137,15
440,44.693947,-69.381927,10
441,21.52536,-78.22579,5
442,32.71571,-117.16472,21
443,40.349457,-88.986137,15
444,29.76328,-95.36327,7
445,47.538569,-90.290189,9
446,-5.11306,105.30667,12
447,40.349457,-88.986137,15
448,36.116203,-119.618564,0
449,33.729759,-111.431221,14
450,36.116203,-119.618564,0
451,38.89511,-77.03637,3
452,38.313515,-117.055374,0
453,27.481682,-82.368767,27
454,40.590752,-77.209755,3
455,31.054487,-97.563461,7
456,39.063946,-76.802101,3
457,22.40694,-79.96472,5
458,-28.10391,26.86593,1
459,31.054487,-97.563461,7
460,33.14337,-117.16614,21
461,34.05223,-118.24368,21
462,38.89511,-77.03637,3
463,47.538569,-90.290189,9
464,38.89511,-77.03637,3
465,21.52536,-78.22579,5
466,21.52536,-78.22579,5
467,42.230171,-71.530106,10
468,36.116203,-119.618564,0
469,36.116203,-119.618564,0
470,37.44188,-122.14302,28
471,39.063946,-76.802101,3
472,30.707584,-98.68469,7
473,31.054487,-97.563461,7
474,33.729759,-111.431221,14
475,40.349457,-88.986137,15
476,32.78306,-96.80667,7
477,36.116203,-119.618564,0
478,40.349457,-88.986137,15
479,33.78779,-117.85311,21
480,33.95335,-117.39616,21
481,22.40694,-79.96472,5
482,39.09973,-94.57857,20
483,42.35843,-71.05977,10
484,21.52536,-78.22579,5
485,36.116203,-119.618564,0
486,40.349457,-88.986137,15
487,31.054487,-97.563461,7
488,-28.10391,26.86593,1
489,43.326618,-84.536095,22
490,45.694454,-93.900192,9
491,40.388783,-82.764915,22
492,31.054487,-97.563461,7
493,21.52536,-78.22579,5
494,36.116203,-119.618564,0
495,31.054487,-97.563461,7
496,36.333905,-89.485536,2
497,21.52536,-78.22579,5
498,61.370716,-152.404419,8
499,42.230171,-71.530106,10
500,45.694454,-93.900192,9
501,47.538569,-90.290189,9
502,31.054487,-97.563461,7
503,25.77427,-80.19366,5
504,32.806671,-86.79113,27
505,21.52536,-78.22579,5
506,33.729759,-111.431221,14
507,32.772119,-97.291224,7
508,31.054487,-97.563461,7
509,21.52536,-78.22579,5
510,14.6,120.98333,4
511,21.52536,-78.22579,5
512,37.915836,-118.875167,0
513,40.6976,-74.2632,10
514,34.10834,-117.28977,21
515,42.230171,-71.530106,10
516,32.71571,-117.16472,21
517,33.78779,-117.85311,21
518,21.52536,-78.22579,5
519,31.054487,-97.563461,7
520,48.070464,-121.936784,16
521,40.349457,-88.986137,15
522,18.38078,-65.95739,18
523,21.52536,-78.22579,5
524,39.062032,-120.722718,28
525,36.116203,-119.618564,0
526,36.116203,-119.618564,0
527,34.969704,-92.373123,25
528,32.806671,-86.79113,27
529,33.95335,-117.39616,21
530,38.89511,-77.03637,3
531,40.71427,-74.00597,10
532,36.116203,-119.618564,0
533,36.116203,-119.618564,0
534,33.78779,-117.85311,21
535,-28.10391,26.86593,1
536,40.349457,-88.986137,15
537,31.054487,-97.563461,7
538,42.230171,-71.530106,10
539,36.116203,-119.618564,0
540,-28.10391,26.86593,1
541,34.969704,-92.373123,25
542,31.054487,-97.563461,7
543,21.52536,-78.22579,5
544,32.71571,-117.16472,21
545,40.71427,-74.00597,10
546,36.116203,-119.618564,0
547,33.95335,-117.39616,21
548,42.230171,-71.530106,10
549,36.116203,-119.618564,0
550,31.054487,-97.563461,7
551,31.054487,-97.563461,7
552,39.09973,-94.57857,20
553,35.747845,-86.692345,2
554,42.011539,-93.210526,20
555,39.09973,-94.57857,20
556,21.52536,-78.22579,5
557,21.52536,-78.22579,5
558,21.52536,-78.22579,5
559,45.694454,-93.900192,9
560,40.71427,-74.00597,10
561,36.116203,-119.618564,0
562,42.230171,-71.530106,10
563,21.52536,-78.22579,5
564,42.230171,-71.530106,10
565,21.52536,-78.22579,5
566,44.693947,-69.381927,10
567,37.919479,-121.951543,28
568,45.694454,-93.900192,9
569,21.52536,-78.22579,5
570,45.694454,-93.900192,9
571,42.49044,-83.01304,22
572,36.116203,-119.618564,0
573,7.41251,-7.55383,17
574,36.116203,-119.618564,0
575,21.52536,-78.22579,5
576,40.349457,-88.986137,15
577,31.054487,-97.563461,7
578,43.452492,-71.563896,10
579,36.116203,-119.618564,0
580,31.054487,-97.563461,7
581,45.694454,-93.900192,9
582,45.694454,-93.900192,9
583,33.78779,-117.85311,21
584,39.063946,-76.802101,3
585,32.741646,-89.678696,25
586,40.349457,-88.986137,15
587,41.597782,-72.755371,10
588,36.116203,-119.618564,0
589,36.17497,-115.13722,21
590,34.969704,-92.373123,25
591,21.52536,-78.22579,5
592,36.116203,-119.618564,0
593,30.266456,-98.399217,7
594,40.349457,-88.986137,15
595,36.116203,-119.618564,0
596,31.054487,-97.563461,7
597,31.054487,-97.563461,7
598,21.52536,-78.22579,5
599,31.054487,-97.563461,7
600,37.09024,-95.712891,20
601,-28.10391,26.86593,1
602,42.230171,-71.530106,10
603,40.150032,-111.862434,11
604,40.71427,-74.00597,10
605,42.230171,-71.530106,10
606,36.701721,-83.130112,2
607,21.52536,-78.22579,5
608,40.349457,-88.986137,15
609,31.169546,-91.867805,25
610,40.349457,-88.986137,15
611,36.116203,-119.618564,0
612,38.89511,-77.03637,3
613,33.729759,-111.431221,14
614,36.116203,-119.618564,0
615,45.694454,-93.900192,9
616,31.054487,-97.563461,7
617,21.52536,-78.22579,5
618,43.326618,-84.536095,22
619,21.52536,-78.22579,5
620,42.230171,-71.530106,10
621,44.299782,-99.438828,26
622,42.230171,-71.530106,10
623,38.051817,-122.745974,28
624,40.349457,-88.986137,15
625,21.094318,-157.498337,13
626,40.349457,-88.986137,15
627,21.52536,-78.22579,5
628,44.240459,-114.478828,11
629,42.230171,-71.530106,10
630,40.6976,-74.2632,10
631,36.116203,-119.618564,0
632,40.349457,-88.986137,15
633,31.169546,-91.867805,25
634,21.52536,-78.22579,5
635,21.52536,-78.22579,5
636,33.78779,-117.85311,21
637,38.29714,-122.28553,28
638,32.71571,-117.16472,21
639,50.50301,13.63617,19
640,32.71571,-117.16472,21
641,40.349457,-88.986137,15
642,37.919479,-121.951543,28
643,40.349457,-88.986137,15
644,47.538569,-90.290189,9
645,31.054487,-97.563461,7
646,40.349457,-88.986137,15
647,40.349457,-88.986137,15
648,18.38078,-65.95739,18
649,32.78306,-96.80667,7
650,43.326618,-84.536095,22
651,33.95335,-117.39616,21
652,21.52536,-78.22579,5
653,32.772119,-97.291224,7
654,-33.963,22.46173,1
655,-28.10391,26.86593,1
656,42.230171,-71.530106,10
657,30.26715,-97.74306,7
658,21.52536,-78.22579,5
659,31.054487,-97.563461,7
660,33.78779,-117.85311,21
661,21.52536,-78.22579,5
662,47.538569,-90.290189,9
663,42.04114,-87.69006,15
664,-28.10391,26.86593,1
665,42.230171,-71.530106,10
666,36.116203,-119.618564,0
667,41.85003,-87.65005,15
668,30.649082,-97.605065,7
669,36.116203,-119.618564,0
670,53.1905,-2.89189,6
671,39.37221,-104.85609,24
672,33.19762,-96.61527,7
673,31.054487,-97.563461,7
674,38.829288,-76.84818,3
675,32.71571,-117.16472,21
676,42.230171,-71.530106,10
677,40.71427,-74.00597,10
678,37.919479,-121.951543,28
679,36.116203,-119.618564,0
680,30.266456,-98.399217,7
681,39.063946,-76.802101,3
682,36.116203,-119.618564,0
683,42.230171,-71.530106,10
684,41.85003,-87.65005,15
685,41.85003,-87.65005,15
686,42.230171,-71.530106,10
687,31.169546,-91.867805,25
688,40.71427,-74.00597,10
689,44.299782,-99.438828,26
690,-28.10391,26.86593,1
691,40.349457,-88.986137,15
692,22.40694,-79.96472,5
693,21.52536,-78.22579,5
694,22.40694,-79.96472,5
695,42.230171,-71.530106,10
696,30.239513,-97.69127,7
697,44.240459,-114.478828,11
698,36.116203,-119.618564,0
699,40.349457,-88.986137,15
700,21.52536,-78.22579,5
701,21.52536,-78.22579,5
702,33.95335,-117.39616,21
703,31.054487,-97.563461,7
704,36.116203,-119.618564,0
705,36.116203,-119.618564,0
706,39.849426,-86.258278,15
707,31.054487,-97.563461,7
708,33.78779,-117.85311,21
709,36.116203,-119.618564,0
710,31.054487,-97.563461,7
711,42.230171,-71.530106,10
712,14.6982,121.1236,4
713,21.52536,-78.22579,5
714,38.89511,-77.03637,3
715,36.116203,-119.618564,0
716,21.52536,-78.22579,5
717,42.230171,-71.530106,10
718,40.150032,-111.862434,11
719,36.116203,-119.618564,0
720,40.349457,-88.986137,15
721,22.40694,-79.96472,5
722,40.349457,-88.986137,15
723,36.116203,-119.618564,0
724,32.78306,-96.80667,7
725,32.772119,-97.291224,7
726,31.054487,-97.563461,7
727,42.230171,-71.530106,10
728,38.89511,-77.03637,3
729,45.694454,-93.900192,9
730,39.09973,-94.57857,20
731,40.349457,-88.986137,15
732,33.78779,-117.85311,21
733,40.349457,-88.986137,15
734,33.19587,-117.37948,21
735,36.116203,-119.618564,0
736,31.054487,-97.563461,7
737,36.116203,-119.618564,0
738,21.52536,-78.22579,5
739,32.78306,-96.80667,7
740,39.09973,-94.57857,20
741,36.116203,-119.618564,0
742,31.054487,-97.563461,7
743,21.52536,-78.22579,5
744,36.116203,-119.618564,0
745,37.77493,-122.41942,28
746,36.116203,-119.618564,0
747,30.649082,-97.605065,7
748,47.538569,-90.290189,9
749,31.169546,-91.867805,25
750,39.09973,-94.57857,20
751,21.52536,-78.22579,5
752,46.60207,-120.5059,16
753,40.349457,-88.986137,15
754,38.89511,-77.03637,3
755,40.349457,-88.986137,15
756,41.85003,-87.65005,15
757,31.054487,-97.563461,7
758,37.09024,-95.712891,20
759,33.729759,-111.431221,14
760,40.66399,-74.2107,10
761,21.52536,-78.22579,5
762,-28.10391,26.86593,1
763,34.05223,-118.24368,21
764,21.52536,-78.22579,5
765,31.054487,-97.563461,7
766,30.649082,-97.605065,7
767,21.52536,-78.22579,5
768,34.10834,-117.28977,21
769,39.09973,-94.57857,20
770,40.349457,-88.986137,15
771,22.40694,-79.96472,5
772,40.349457,-88.986137,15
773,36.116203,-119.618564,0
774,21.52536,-78.22579,5
775,42.230171,-71.530106,10
776,39.644554,-104.331706,24
777,36.116203,-119.618564,0
778,31.169546,-91.867805,25
779,47.528912,-99.784012,26
780,45.694454,-93.900192,9
781,34.10834,-117.28977,21
782,37.77099,-122.26087,28
783,42.230171,-71.530106,10
784,31.054487,-97.563461,7
785,32.78306,-96.80667,7
786,31.054487,-97.563461,7
787,32.71571,-117.16472,21
788,40.349457,-88.986137,15
789,22.40694,-79.96472,5
790,21.52536,-78.22579,5
791,21.52536,-78.22579,5
792,40.150032,-111.862434,11
793,42.230171,-71.530106,10
794,36.116203,-119.618564,0
795,33.01984,-96.69889,7
796,37.66814,-84.670067,2
797,42.230171,-71.530106,10
798,38.456085,-92.288368,20
799,36.20773,-119.34734,0
800,36.116203,-119.618564,0
801,31.054487,-97.563461,7
802,42.230171,-71.530106,10
803,21.52536,-78.22579,5
804,31.054487,-97.563461,7
805,43.66294,-116.68736,11
806,40.349457,-88.986137,15
807,33.729759,-111.431221,14
808,21.52536,-78.22579,5
809,40.349457,-88.986137,15
810,45.694454,-93.900192,9
811,40.71427,-74.00597,10
812,45.694454,-93.900192,9
813,-6.9053,109.5347,12
814,39.063946,-76.802101,3
815,40.349457,-88.986137,15
816,42.230171,-71.530106,10
817,43.326618,-84.536095,22
818,31.054487,-97.563461,7
819,42.230171,-71.530106,10
820,38.456085,-92.288368,20
821,36.116203,-119.618564,0
822,31.054487,-97.563461,7
823,43.326618,-84.536095,22
824,42.230171,-71.530106,10
825,40.469757,-79.980451,3
826,33.21484,-97.13307,7
827,40.349457,-88.986137,15
828,36.333905,-89.485536,2
829,30.325091,-98.941851,7
830,30.26715,-97.74306,7
831,30.58333,114.26667,23
832,36.116203,-119.618564,0
833,33.19587,-117.37948,21
834,36.116203,-119.618564,0
835,31.054487,-97.563461,7
836,-28.10391,26.86593,1
837,21.52536,-78.22579,5
838,40.349457,-88.986137,15
839,36.116203,-119.618564,0
840,36.116203,-119.618564,0
841,18.38078,-65.95739,18
842,31.054487,-97.563461,7
843,33.95335,-117.39616,21
844,21.52536,-78.22579,5
845,31.054487,-97.563461,7
846,21.52536,-78.22579,5
847,38.5266,-96.726486,20
848,33.95335,-117.39616,21
849,32.71571,-117.16472,21
850,36.116203,-119.618564,0
851,33.95335,-117.39616,21
852,36.116203,-119.618564,0
853,38.89511,-77.03637,3
854,42.230171,-71.530106,10
855,40.349457,-88.986137,15
856,31.054487,-97.563461,7
857,42.08836,-87.98063,15
858,33.95335,-117.39616,21
859,39.063946,-76.802101,3
860,31.054487,-97.563461,7
861,40.349457,-88.986137,15
862,33.95335,-117.39616,21
863,21.52536,-78.22579,5
864,38.89511,-77.03637,3
865,36.116203,-119.618564,0
866,38.313515,-117.055374,0
867,42.230171,-71.530106,10
868,36.116203,-119.618564,0
869,21.52536,-78.22579,5
870,35.99403,-78.89862,3
871,40.349457,-88.986137,15
872,31.054487,-97.563461,7
873,31.054487,-97.563461,7
874,36.116203,-119.618564,0
875,36.116203,-119.618564,0
876,40.150032,-111.862434,11
877,36.116203,-119.618564,0
878,42.230171,-71.530106,10
879,36.116203,-119.618564,0
880,40.349457,-88.986137,15
881,36.116203,-119.618564,0
882,36.116203,-119.618564,0
883,21.52536,-78.22579,5
884,44.299782,-99.438828,26
885,36.116203,-119.618564,0
886,21.52536,-78.22579,5
887,31.054487,-97.563461,7
888,40.349457,-88.986137,15
889,47.60621,-122.33207,16
890,38.58157,-121.4944,28
891,33.95335,-117.39616,21
892,21.52536,-78.22579,5
893,25.77427,-80.19366,5
894,38.89511,-77.03637,3
895,47.538569,-90.290189,9
896,37.57003,-119.912861,0
897,41.85003,-87.65005,15
898,40.349457,-88.986137,15
899,21.52536,-78.22579,5
900,42.35843,-71.05977,10
901,21.52536,-78.22579,5
902,40.349457,-88.986137,15
903,33.78779,-117.85311,21
904,36.116203,-119.618564,0
905,36.116203,-119.618564,0
906,36.116203,-119.618564,0
907,31.054487,-97.563461,7
908,39.72943,-104.83192,24
909,21.52536,-78.22579,5
910,40.349457,-88.986137,15
911,40.150032,-111.862434,11
912,42.230171,-71.530106,10
913,43.326618,-84.536095,22
914,33.78779,-117.85311,21
915,33.729759,-111.431221,14
916,36.116203,-119.618564,0
917,45.694454,-93.900192,9
918,33.729759,-111.431221,14
919,36.116203,-119.618564,0
920,47.538569,-90.290189,9
921,36.116203,-119.618564,0
922,36.116203,-119.618564,0
923,21.52536,-78.22579,5
924,36.116203,-119.618564,0
925,36.116203,-119.618564,0
926,33.194532,-96.579444,7
927,36.116203,-119.618564,0
928,22.40694,-79.96472,5
929,31.054487,-97.563461,7
930,40.349457,-88.986137,15
931,21.52536,-78.22579,5
932,39.849426,-86.258278,15
933,34.05223,-118.24368,21
934,41.597782,-72.755371,10
935,32.71571,-117.16472,21
936,21.52536,-78.22579,5
937,38.89511,-77.03637,3
938,21.52536,-78.22579,5
939,31.054487,-97.563461,7
940,40.349457,-88.986137,15
941,40.349457,-88.986137,15
942,21.52536,-78.22579,5
943,42.230171,-71.530106,10
944,31.054487,-97.563461,7
945,38.456085,-92.288368,20
946,38.030933,-81.086051,3
947,39.73915,-104.9847,24
948,40.349457,-88.986137,15
949,35.747845,-86.692345,2
950,31.054487,-97.563461,7
951,21.52536,-78.22579,5
952,46.60207,-120.5059,16
953,40.349457,-88.986137,15
954,43.326618,-84.536095,22
955,21.52536,-78.22579,5
956,40.349457,-88.986137,15
957,39.849426,-86.258278,15
958,36.116203,-119.618564,0
959,33.95335,-117.39616,21
960,37.30216,-120.48297,0
961,35.747845,-86.692345,2
962,36.116203,-119.618564,0
963,36.116203,-119.618564,0
964,45.694454,-93.900192,9
965,31.054487,-97.563461,7
966,36.116203,-119.618564,0
967,30.707584,-98.68469,7
968,31.054487,-97.563461,7
969,40.388783,-82.764915,22
970,40.349457,-88.986137,15
971,33.78779,-117.85311,21
972,41.88503,-87.7845,15
973,33.729759,-111.431221,14
974,36.116203,-119.618564,0
975,42.230171,-71.530106,10
976,36.116203,-119.618564,0
977,-28.10391,26.86593,1
978,42.230171,-71.530106,10
979,44.299782,-99.438828,26
980,33.95335,-117.39616,21
981,40.349457,-88.986137,15
982,21.52536,-78.22579,5
983,18.38078,-65.95739,18
984,61.370716,-152.404419,8
985,31.054487,-97.563461,7
986,42.230171,-71.530106,10
987,36.116203,-119.618564,0
988,36.116203,-119.618564,0
989,21.52536,-78.22579,5
990,30.239513,-97.69127,7
991,41.85003,-87.65005,15
992,36.116203,-119.618564,0
993,21.52536,-78.22579,5
994,61.370716,-152.404419,8
995,38.456085,-92.288368,20
996,38.456085,-92.288368,20
997,38.58157,-121.4944,28
998,42.230171,-71.530106,10
999,42.230171,-71.530106,10
1000,36.333905,-89.485536,2
1001,31.054487,-97.563461,7
1002,40.349457,-88.986137,15
1003,40.349457,-88.986137,15
1004,42.230171,-71.530106,10
1005,36.116203,-119.618564,0
1006,40.349457,-88.986137,15
1007,36.116203,-119.618564,0
1008,36.116203,-119.618564,0
1009,31.054487,-97.563461,7
1010,42.230171,-71.530106,10
1011,21.52536,-78.22579,5
1012,39.063946,-76.802101,3
1013,31.054487,-97.563461,7
1014,38.89511,-77.03637,3
1015,21.52536,-78.22579,5
1016,21.52536,-78.22579,5
1017,33.194532,-96.579444,7
1018,21.52536,-78.22579,5
1019,45.694454,-93.900192,9
1020,37.09024,-95.712891,20
1021,31.054487,-97.563461,7
1022,36.116203,-119.618564,0
1023,34.10834,-117.28977,21
1024,40.150032,-111.862434,11
1025,22.40694,-79.96472,5
1026,31.169546,-91.867805,25
1027,36.116203,-119.618564,0
1028,43.326618,-84.536095,22
1029,42.230171,-71.530106,10
1030,36.96134,-120.06072,0
1031,42.230171,-71.530106,10
1032,47.490599,-121.833996,16
1033,36.15398,-95.99277,20
1034,34.27834,-119.29317,0
1035,36.116203,-119.618564,0
1036,40.349457,-88.986137,15
1037,31.054487,-97.563461,7
1038,40.349457,-88.986137,15
1039,21.52536,-78.22579,5
1040,-28.10391,26.86593,1
1041,32.71571,-117.16472,21
1042,36.116203,-119.618564,0
1043,21.52536,-78.22579,5
1044,31.054487,-97.563461,7
1045,21.52536,-78.22579,5
1046,45.694454,-93.900192,9
1047,21.52536,-78.22579,5
1048,36.116203,-119.618564,0
1049,37.09024,-95.712891,20
1050,31.054487,-97.563461,7
1051,36.116203,-119.618564,0
1052,33.95335,-117.39616,21
1053,42.230171,-71.530106,10
1054,35.747845,-86.692345,2
1055,21.52536,-78.22579,5
1056,40.150032,-111.862434,11
1057,35.747845,-86.692345,2
1058,32.71571,-117.16472,21
1059,36.116203,-119.618564,0
1060,36.116203,-119.618564,0
1061,31.054487,-97.563461,7
1062,32.71571,-117.16472,21
1063,27.903108,-82.739519,27
1064,42.230171,-71.530106,10
1065,18.38078,-65.95739,18
1066,21.52536,-78.22579,5
1067,31.054487,-97.563461,7
1068,21.52536,-78.22579,5
1069,14.6982,121.1236,4
1070,39.73915,-104.9847,24
1071,39.72943,-104.83192,24
1072,48.070464,-121.936784,16
1073,31.054487,-97.563461,7
1074,36.116203,-119.618564,0
1075,40.349457,-88.986137,15
1076,36.333905,-89.485536,2
1077,40.349457,-88.986137,15
1078,40.349457,-88.986137,15
1079,30.78963,-98.201187,7
1080,25.61058,-80.497099,5
1081,31.054487,-97.563461,7
1082,36.116203,-119.618564,0
1083,21.52536,-78.22579,5
1084,40.349457,-88.986137,15
1085,31.054487,-97.563461,7
1086,36.116203,-119.618564,0
1087,42.230171,-71.530106,10
1088,31.054487,-97.563461,7
1089,36.116203,-119.618564,0
1090,32.806671,-86.79113,27
1091,36.116203,-119.618564,0
1092,32.78306,-96.80667,7
1093,37.77099,-122.26087,28
1094,47.538569,-90.290189,9
1095,33.95335,-117.39616,21
1096,40.150032,-111.862434,11
1097,40.349457,-88.986137,15
1098,36.116203,-119.618564,0
1099,30.78963,-98.201187,7
1100,33.729759,-111.431221,14
1101,22.40694,-79.96472,5
1102,31.054487,-97.563461,7
1103,43.66294,-116.68736,11
1104,39.063946,-76.802101,3
1105,31.169546,-91.867805,25
1106,32.806671,-86.79113,27
1107,31.054487,-97.563461,7
1108,42.230171,-71.530106,10
1109,36.116203,-119.618564,0
1110,36.116203,-119.618564,0
1111,32.36681,-86.29997,27
1112,40.349457,-88.986137,15
1113,31.054487,-97.563461,7
1114,38.988877,-80.495477,3
1115,-28.10391,26.86593,1
1116,-28.10391,26.86593,1
1117,40.349457,-88.986137,15
1118,36.116203,-119.618564,0
1119,40.349457,-88.986137,15
1120,41.85003,-87.65005,15
1121,36.116203,-119.618564,0
1122,33.95335,-117.39616,21
1123,38.89511,-77.03637,3
1124,40.349457,-88.986137,15
1125,34.05223,-118.24368,21
1126,38.89511,-77.03637,3
1127,33.729759,-111.431221,14
1128,40.71427,-74.00597,10
1129,21.52536,-78.22579,5
1130,36.116203,-119.618564,0
1131,40.349457,-88.986137,15
1132,-28.10391,26.86593,1
1133,41.597782,-72.755371,10
1134,36.116203,-119.618564,0
1135,40.590752,-77.209755,3
1136,40.71427,-74.00597,10
1137,36.116203,-119.618564,0
1138,42.230171,-71.530106,10
1139,39.92595,-75.11962,3
1140,40.349457,-88.986137,15
1141,30.239513,-97.69127,7
1142,21.52536,-78.22579,5
1143,45.694454,-93.900192,9
1144,21.52536,-78.22579,5
1145,32.806671,-86.79113,27
1146,31.054487,-97.563461,7
1147,40.349457,-88.986137,15
1148,31.054487,-97.563461,7
1149,45.694454,-93.900192,9
1150,31.054487,-97.563461,7
1151,30.649082,-97.605065,7
1152,37.562316,-121.002831,28
1153,21.52536,-78.22579,5
1154,33.21484,-97.13307,7
1155,42.03336,-88.08341,15
1156,42.230171,-71.530106,10
1157,39.063946,-76.802101,3
1158,34.969704,-92.373123,25
1159,36.116203,-119.618564,0
1160,33.95335,-117.39616,21
1161,40.150032,-111.862434,11
1162,28.77476,-96.001532,7
1163,40.71427,-74.00597,10
1164,42.230171,-71.530106,10
1165,36.333905,-89.485536,2
1166,21.52536,-78.22579,5
1167,21.52536,-78.22579,5
1168,33.19587,-117.37948,21
1169,35.346629,-118.729506,0
1170,42.230171,-71.530106,10
1171,31.054487,-97.563461,7
1172,36.116203,-119.618564,0
1173,33.44838,-112.07404,14
1174,47.60621,-122.33207,16
1175,40.590752,-77.209755,3
1176,21.52536,-78.22579,5
1177,30.649082,-97.605065,7
1178,31.054487,-97.563461,7
1179,21.52536,-78.22579,5
1180,42.230171,-71.530106,10
1181,21.52536,-78.22579,5
1182,36.116203,-119.618564,0
1183,40.349457,-88.986137,15
1184,33.729759,-111.431221,14
1185,29.522281,-90.081001,25
1186,36.116203,-119.618564,0
1187,21.52536,-78.22579,5
1188,21.52536,-78.22579,5
1189,36.701721,-83.130112,2
1190,36.116203,-119.618564,0
1191,31.054487,-97.563461,7
1192,40.349457,-88.986137,15
1193,48.070464,-121.936784,16
1194,42.12922,-80.08506,22
1195,-28.10391,26.86593,1
1196,36.116203,-119.618564,0
1197,44.08054,-103.23101,26
1198,36.116203,-119.618564,0
1199,25.61058,-80.497099,5
1200,36.116203,-119.618564,0
1201,36.116203,-119.618564,0
1202,41.85003,-87.65005,15
1203,38.679596,-121.902441,28
1204,40.349457,-88.986137,15
1205,41.85003,-87.65005,15
1206,30.707584,-98.68469,7
1207,36.116203,-119.618564,0
1208,40.150032,-111.862434,11
1209,38.89511,-77.03637,3
1210,37.77099,-122.26087,28
1211,21.52536,-78.22579,5
1212,42.230171,-71.530106,10
1213,21.52536,-78.22579,5
1214,45.694454,-93.900192,9
1215,37.77099,-122.26087,28
1216,21.52536,-78.22579,5
1217,39.063946,-76.802101,3
1218,32.71571,-117.16472,21
1219,31.054487,-97.563461,7
1220,42.230171,-71.530106,10
1221,45.694454,-93.900192,9
1222,33.78779,-117.85311,21
1223,40.349457,-88.986137,15
1224,42.230171,-71.530106,10
1225,30.791242,-96.984395,7
1226,42.230171,-71.530106,10
1227,43.326618,-84.536095,22
1228,36.116203,-119.618564,0
1229,40.635045,-73.95064,10
1230,36.116203,-119.618564,0
1231,39.063946,-76.802101,3
1232,31.054487,-97.563461,7
1233,21.52536,-78.22579,5
1234,31.054487,-97.563461,7
1235,40.349457,-88.986137,15
1236,31.054487,-97.563461,7
1237,39.297508,-120.771343,28
1238,61.370716,-152.404419,8
1239,31.054487,-97.563461,7
1240,36.116203,-119.618564,0
1241,42.230171,-71.530106,10
1242,14.6,120.98333,4
1243,36.116203,-119.618564,0
1244,33.78779,-117.85311,21
1245,33.95335,-117.39616,21
1246,40.388783,-82.764915,22
1247,36.116203,-119.618564,0
1248,37.09024,-95.712891,20
1249,40.349457,-88.986137,15
1250,38.89511,-77.03637,3
1251,21.52536,-78.22579,5
1252,31.054487,-97.563461,7
1253,36.116203,-119.618564,0
1254,21.52536,-78.22579,5
1255,32.71571,-117.16472,21
1256,31.054487,-97.563461,7
1257,31.054487,-97.563461,7
1258,32.71571,-117.16472,21
1259,31.054487,-97.563461,7
1260,31.054487,-97.563461,7
1261,30.325091,-98.941851,7
1262,40.349457,-88.986137,15
1263,37.77099,-122.26087,28
1264,-6.9053,109.5347,12
1265,21.52536,-78.22579,5
1266,31.054487,-97.563461,7
1267,34.969704,-92.373123,25
1268,37.09024,-95.712891,20
1269,36.365,6.61472,19
1270,39.063946,-76.802101,3
1271,44.268543,-89.616508,15
1272,40.349457,-88.986137,15
1273,47.528912,-99.784012,26
1274,50.50301,13.63617,19
1275,39.09973,-94.57857,20
1276,38.456085,-92.288368,20
1277,42.230171,-71.530106,10
1278,44.08054,-103.23101,26
1279,50.50301,13.63617,19
1280,43.452492,-71.563896,10
1281,44.299782,-99.438828,26
1282,40.71427,-74.00597,10
1283,31.054487,-97.563461,7
1284,32.806671,-86.79113,27
1285,40.590752,-77.209755,3
1286,36.116203,-119.618564,0
1287,31.054487,-97.563461,7
1288,36.333905,-89.485536,2
1289,36.116203,-119.618564,0
1290,31.054487,-97.563461,7
1291,42.230171,-71.530106,10
1292,-28.10391,26.86593,1
1293,36.116203,-119.618564,0
1294,33.44838,-112.07404,14
1295,36.116203,-119.618564,0
1296,41.85003,-87.65005,15
1297,33.78779,-117.85311,21
1298,42.230171,-71.530106,10
1299,36.116203,-119.618564,0
1300,40.349457,-88.986137,15
1301,36.116203,-119.618564,0
1302,36.116203,-119.618564,0
1303,47.538569,-90.290189,9
1304,45.694454,-93.900192,9
1305,40.349457,-88.986137,15
1306,32.78306,-96.80667,7
1307,31.054487,-97.563461,7
1308,21.52536,-78.22579,5
1309,40.349457,-88.986137,15
1310,21.52536,-78.22579,5
1311,45.694454,-93.900192,9
1312,42.230171,-71.530106,10
1313,21.52536,-78.22579,5
1314,31.054487,-97.563461,7
1315,31.054487,-97.563461,7
1316,41.85003,-87.65005,15
1317,21.52536,-78.22579,5
1318,40.01499,-105.27055,24
1319,31.054487,-97.563461,7
1320,40.349457,-88.986137,15
1321,40.349457,-88.986137,15
1322,36.116203,-119.618564,0
1323,40.349457,-88.986137,15
1324,40.349457,-88.986137,15
1325,30.325091,-98.941851,7
1326,36.116203,-119.618564,0
1327,-28.10391,26.86593,1
1328,32.71571,-117.16472,21
1329,44.299782,-99.438828,26
1330,31.054487,-97.563461,7
1331,21.52536,-78.22579,5
1332,40.349457,-88.986137,15
1333,33.729759,-111.431221,14
1334,36.116203,-119.618564,0
1335,36.116203,-119.618564,0
1336,31.054487,-97.563461,7
1337,39.063946,-76.802101,3
1338,33.95335,-117.39616,21
1339,47.68149,-122.20874,16
1340,47.538569,-90.290189,9
1341,36.116203,-119.618564,0
1342,40.71427,-74.00597,10
1343,31.054487,-97.563461,7
1344,42.230171,-71.530106,10
1345,47.490599,-121.833996,16
1346,36.116203,-119.618564,0
1347,41.760392,-81.724217,22
1348,21.52536,-78.22579,5
1349,36.74773,-119.77237,0
1350,39.063946,-76.802101,3
1351,36.116203,-119.618564,0
1352,21.52536,-78.22579,5
1353,47.528912,-99.784012,26
1354,42.12922,-80.08506,22
1355,40.71427,-74.00597,10
1356,39.861156,-105.528878,24
1357,42.230171,-71.530106,10
1358,38.051817,-122.745974,28
1359,36.116203,-119.618564,0
